feature,importance
created_year,0.2660430274617628
project_key_FOP,0.13035989940581766
priority_Unknown,0.10215275838407871
project_key_STR,0.06588551824144771
created_month,0.03695430673003944
project_key_STORM,0.034340002912024534
issue_type_New Feature,0.02784572913702317
created_dayofweek,0.02360144656728071
project_key_AMBARI,0.023547746492079503
project_key_SVN,0.01764185944769774
project_key_COUCHDB,0.015622027060066377
project_key_MECLIPSE,0.015211281421359973
issue_type_Bug,0.014183336607254588
issue_type_Improvement,0.00968003278332084
project_key_HBASE,0.009622137810041417
priority_Major,0.009541432977145757
project_key_ROL,0.00891402364730017
priority_Minor,0.008891570526037111
project_key_FINERACT,0.008472884280479369
project_key_XALANJ,0.0076756255156087885
project_key_MRELEASE,0.007329326266203885
project_key_COCOON,0.00607123527900623
issue_type_Task,0.0056978716965643
project_key_WW,0.0056906755622781035
issue_type_Wish,0.005209343253631787
project_key_CLEREZZA,0.004909483853825966
project_key_TOMEE,0.004866912324635465
project_key_HIVE,0.004646586104834268
project_key_XERCESC,0.004456942136536651
project_key_ACCUMULO,0.003806125498319229
issue_type_Sub-task,0.003725565307172528
priority_Blocker,0.0036639473170689742
project_key_SOLR,0.0035024971138728073
project_key_AXIS,0.003495423288128608
is_subtask,0.003386286296118794
project_key_VELOCITY,0.0033367852362979834
project_key_HARMONY,0.0033357867919006612
project_key_GSOC,0.0032754597590271472
project_key_MNG,0.0030177926480013406
priority_Critical,0.00300734362815395
priority_Trivial,0.002831289375518805
project_key_FLEX,0.002645238215081009
project_key_SANTUARIO,0.0023820895700145516
project_key_LOGCXX,0.002305446075270531
project_key_ASTERIXDB,0.002203198778557075
issue_type_Umbrella,0.002201884045752739
project_key_RAT,0.002140820124211231
project_key_CAMEL,0.0021118056458795946
issue_type_Brainstorming,0.002083030120390025
project_key_OAK,0.0020486875076073698
project_key_BLAZE,0.0020238337057535112
project_key_XMLBEANS,0.0016343610164722868
project_key_BATIK,0.0015695406329180588
project_key_SCM,0.001544462240430736
project_key_LOGGING,0.0015238009542725562
project_key_AMQ,0.0014996776034408212
project_key_APEXMALHAR,0.0014404905618007923
project_key_MDEP,0.0013332867742452128
project_key_WICKET,0.0012868784774979203
project_key_GROOVY,0.0012691565537991476
project_key_NUTCH,0.0012577840552781784
project_key_CLOUDSTACK,0.0011949559191147799
project_key_XW,0.0011890828459875393
project_key_PHOENIX,0.0010999686750961224
project_key_PDFBOX,0.001095899212709554
project_key_ARCHETYPE,0.0010689209022399237
project_key_XMLCOMMONS,0.0010377932520745099
project_key_MASSEMBLY,0.0009616229734934103
project_key_DIRSERVER,0.0009163288412931654
project_key_HTTPCLIENT,0.0008956447976703924
project_key_XERCESJ,0.0008801430978270312
project_key_JS1,0.0008692290557587548
project_key_GERONIMO,0.000835425624492937
project_key_VALIDATOR,0.0006690253629403066
priority_Not a Priority,0.0006578179234687643
project_key_IO,0.0006263168075841595
project_key_TAPESTRY,0.0005942634340687205
project_key_XALANC,0.0005745152936807383
project_key_IMPALA,0.0005168219044717153
project_key_TOREE,0.0004843142977633004
project_key_TOBAGO,0.00046421828599325004
project_key_TUSCANY,0.0004386026050321389
issue_type_Test,0.00042935521428738994
project_key_SMX4,0.0004240136093558487
project_key_MESOS,0.0004187309699141515
project_key_JOSHUA,0.00040656489828820764
project_key_FOR,0.00040028756679494424
project_key_HDFS,0.0003982350561203361
project_key_JAMES,0.0003897718470501811
project_key_SIS,0.0003830346407404694
project_key_ANY23,0.0003669036682922938
project_key_CXF,0.00035784534026442896
project_key_APLO,0.00035555286841205415
project_key_JCR,0.00034726387823863123
project_key_MATH,0.00034586497099742876
project_key_MCOMPILER,0.0003380409078617695
project_key_SLING,0.00030264736599452133
project_key_BEEHIVE,0.0002982652069094099
project_key_BCEL,0.00029397220859103516
project_key_DIRKRB,0.00029074600506195426
issue_type_Dependency upgrade,0.00028913395327272303
project_key_PIG,0.000287869613001352
project_key_CAY,0.0002877010354806237
project_key_CARBONDATA,0.0002732226931180965
project_key_KARAF,0.00026728603170915965
project_key_RIVER,0.00026613997804422464
project_key_BRAND,0.00026343004876577017
project_key_WAGON,0.00026141475223090643
project_key_DIRMINA,0.00025722632157710234
project_key_TRAFODION,0.00025382154754059283
project_key_PODLINGNAMESEARCH,0.0002342714585800576
project_key_TAP5,0.00023117460359497652
project_key_INCUBATOR,0.00023108909490750993
project_key_FLUME,0.00022658121382159154
project_key_RAMPART,0.0002199816541271913
project_key_CB,0.0002129933549718195
project_key_DMAP,0.00021047029442860415
project_key_IGNITE,0.00020751532470551619
project_key_MYFACES,0.00020335016084318004
project_key_SOAP,0.00019430210787028514
project_key_MSITE,0.00019137173022679428
project_key_YOKO,0.00018938065887914363
project_key_MCHANGELOG,0.00018755072606153265
project_key_COLLECTIONS,0.00018297080021703404
project_key_RANGER,0.0001802841095566555
project_key_TINKERPOP,0.00017810038875485051
project_key_FLINK,0.00017530246555179079
issue_type_Suitable Name Search,0.00017078353854892982
project_key_CASSANDRA,0.00016951662037707104
project_key_DAFFODIL,0.00016851178244596705
project_key_MDEPLOY,0.00016846473181764837
project_key_MADLIB,0.00015979629579246295
project_key_MENFORCER,0.00015498526814246261
project_key_UIMA,0.0001512464600778451
project_key_JELLY,0.0001434333909364372
project_key_LUCENE,0.00014290057042688772
project_key_SPARK,0.00013844634997480174
project_key_CONNECTORS,0.00013512402703593217
project_key_ZEPPELIN,0.00013479535041983155
project_key_SM,0.00013327781676970371
project_key_NUMBERS,0.00013319006239861963
project_key_SHINDIG,0.0001311288016506394
project_key_VELTOOLS,0.0001292832055200345
issue_type_Documentation,0.00012520013076471067
project_key_SQOOP,0.00012446242363878488
project_key_MWAR,0.00012064028180938485
project_key_ARTEMIS,0.00011532302104771226
project_key_AXISCPP,0.00011485625232262174
project_key_XGC,0.00011372616797721145
project_key_MSTAGE,0.00011041599388890159
project_key_TAJO,0.00010920839188029246
project_key_SHIRO,0.0001062443630286097
priority_Normal,0.0001058384695621472
project_key_LANG,0.00010091674793267122
project_key_LENS,9.293720870168128e-05
project_key_OPENEJB,8.990708549420794e-05
project_key_OODT,8.745084550917957e-05
project_key_SPOT,8.269957256609792e-05
project_key_MCHANGES,8.25295336981888e-05
project_key_TORQUEOLD,8.230700650973737e-05
project_key_MINSTALL,8.11018013980749e-05
project_key_QPID,7.765935237240397e-05
project_key_OFBIZ,7.697796218053591e-05
project_key_MAHOUT,7.618294678284833e-05
priority_Low,7.606395548344128e-05
project_key_SCIMPLE,7.594905575106373e-05
project_key_SYSTEMDS,7.570117813137551e-05
project_key_PYLUCENE,7.38505021368112e-05
project_key_TEZ,7.180403779753617e-05
issue_type_Epic,7.176791096426716e-05
project_key_GIRAPH,7.173748490946407e-05
project_key_MANTTASKS,6.719124038813828e-05
project_key_MANTRUN,6.653928856387555e-05
project_key_CAUSEWAY,6.636967249563858e-05
project_key_FALCON,6.267950639777952e-05
project_key_JENA,6.202099990018025e-05
project_key_AXIS2,6.182734029940961e-05
project_key_REEF,6.040391391233585e-05
project_key_MRM,5.882295372939566e-05
project_key_PLUTO,5.807961416241682e-05
project_key_BIGTOP,5.574625768458351e-05
project_key_KAFKA,5.449678968111806e-05
project_key_LOG4NET,5.441169521843672e-05
project_key_SUREFIRE,5.376152399711287e-05
project_key_JSPWIKI,5.336417735430848e-05
project_key_CTAKES,5.331655908592937e-05
project_key_METRON,5.319027724258471e-05
issue_type_Question,5.1916521570246874e-05
project_key_ATLAS,5.1912013209196954e-05
project_key_VFS,5.182088938188155e-05
project_key_LUCENENET,4.999845153157315e-05
project_key_SLIDER,4.946069422528158e-05
project_key_DOXIA,4.9428153037966375e-05
project_key_RAVE,4.775854088027168e-05
project_key_GEODE,4.4852331603190324e-05
project_key_MRESOURCES,4.403646029273427e-05
project_key_CACTUS,4.35307692862962e-05
project_key_LOG4J2,4.281660142502336e-05
issue_type_Story,4.190754904096596e-05
project_key_DBCP,4.178528375144534e-05
project_key_EXEC,4.158770830283602e-05
project_key_ZOOKEEPER,4.1499246058224065e-05
project_key_XMLRPC,3.970707163085678e-05
project_key_OLINGO,3.697856752057723e-05
project_key_IBATIS,3.685159789729388e-05
project_key_HAWQ,3.6610555027514695e-05
project_key_CONFIGURATION,3.658789258986183e-05
project_key_MCHECKSTYLE,3.6028851892388576e-05
project_key_ARROW,3.4803622497362195e-05
project_key_TRINIDAD,3.378156232642692e-05
project_key_MSHARED,3.21666773054839e-05
project_key_BUILDR,3.066199769806379e-05
project_key_AVRO,2.96106908478762e-05
project_key_SCXML,2.8509228741076435e-05
project_key_OPENNLP,2.826916481219402e-05
project_key_THRIFT,2.8265170233982504e-05
project_key_SYNCOPE,2.7588788790644307e-05
project_key_GUMP,2.7452408835871527e-05
issue_type_Temp,2.7429941671541326e-05
project_key_DATAFU,2.6367392703448905e-05
project_key_OGNL,2.6040526420996815e-05
project_key_AXIS2C,2.4795995214229653e-05
project_key_MYRIAD,2.463958514441395e-05
project_key_PNIX,2.4547329615468892e-05
project_key_NIFI,2.4502453529759565e-05
project_key_WSIF,2.4242042959340542e-05
project_key_FTPSERVER,2.375488307773339e-05
project_key_GORA,2.320780626449627e-05
project_key_YARN,2.3133334378696505e-05
project_key_PIVOT,2.3025956421552786e-05
project_key_MNGSITE,2.294620220452923e-05
project_key_SENTRY,2.2800389295572475e-05
project_key_CONTINUUM,2.240055985912972e-05
project_key_TS,2.1626988730626997e-05
project_key_SINGA,2.1562295299768438e-05
project_key_JS2,2.1503523675618085e-05
project_key_TEPHRA,2.063599678481286e-05
project_key_MILAGRO,1.940472979110654e-05
project_key_DIR,1.922193325800962e-05
project_key_DELTASPIKE,1.821796872336459e-05
project_key_OPENMEETINGS,1.807955643058197e-05
project_key_OPENJPA,1.7982756695626963e-05
project_key_MINIFICPP,1.72960402305902e-05
project_key_VCL,1.7129408264358946e-05
project_key_MJAR,1.6892558270681857e-05
project_key_HADOOP,1.6858150661238842e-05
project_key_STRATOS,1.638079642923611e-05
project_key_MAILBOX,1.5876450781544174e-05
project_key_CHUKWA,1.5121500860350732e-05
project_key_MAILET,1.4497481930971613e-05
project_key_SERF,1.4405716228345572e-05
project_key_LEGAL,1.4294063129427346e-05
project_key_KUDU,1.427791932012857e-05
project_key_JEXL,1.3770918406893067e-05
project_key_MAPREDUCE,1.3537930500392684e-05
project_key_DRILL,1.2591742781767619e-05
project_key_IMAGING,1.2489407703270851e-05
project_key_LIBCLOUD,1.2412053071264774e-05
project_key_MNEMONIC,1.1459708500824217e-05
project_key_XERCESP,1.1215058949035833e-05
issue_type_Dependency,1.1071798644426333e-05
issue_type_Technical task,1.0956448839291575e-05
project_key_FELIX,1.0396781138233182e-05
project_key_DAEMON,1.0010235091418745e-05
project_key_MIME4J,9.831198858338665e-06
project_key_HAMA,9.487509404501919e-06
project_key_BVAL,8.948381759126049e-06
project_key_STANBOL,8.691146692769726e-06
project_key_TIKA,8.554715184724007e-06
project_key_MSHADE,7.7690499877239e-06
project_key_COMDEV,7.638400032391915e-06
project_key_HDDS,7.551247129905889e-06
project_key_AIRAVATA,7.5342485410167835e-06
project_key_MRAR,7.522255771058245e-06
project_key_JAXME,7.30757319258362e-06
project_key_AMQCPP,6.887416556236418e-06
project_key_KYLIN,6.599616183924613e-06
project_key_PORTLETBRIDGE,6.597127984240439e-06
project_key_EMPIREDB,6.438133412459204e-06
project_key_ATTIC,6.383943751636635e-06
project_key_IBATISNET,5.928246024157594e-06
project_key_DERBY,5.801085692168044e-06
project_key_CLI,5.764316377853858e-06
project_key_IVY,5.64715206615643e-06
project_key_DIRSTUDIO,5.534687241468265e-06
project_key_OOZIE,5.478528162909072e-06
project_key_EAGLE,5.47087125866301e-06
project_key_JDO,5.4304989334297305e-06
project_key_EXTCDI,5.225283052060809e-06
project_key_TORQUE,5.1939936858843045e-06
project_key_SAMZA,5.17470816079711e-06
project_key_FILEUPLOAD,4.894400952484876e-06
project_key_TAVERNA,4.798894093608157e-06
project_key_CMIS,4.629887492566574e-06
project_key_WHIRR,4.461673005600735e-06
project_key_MODPYTHON,4.240300506462833e-06
project_key_TRB,4.2247613112712595e-06
project_key_MGPG,4.103476462677432e-06
project_key_IMAP,3.8121624120626556e-06
project_key_TOMAHAWK,3.7818540545087358e-06
project_key_GUACAMOLE,3.7403502016076207e-06
project_key_CLIMATE,3.733614321106167e-06
project_key_CSV,3.698444515252985e-06
project_key_HTTPCORE,3.6957713986277273e-06
project_key_HIVEMALL,3.593690596074672e-06
project_key_MPOM,3.460626669435802e-06
project_key_DOSGI,3.2497080889367834e-06
project_key_JCS,3.0041778975264375e-06
issue_type_Request,2.9174145554578867e-06
project_key_XBEAN,2.5078140106161535e-06
project_key_TILES,2.4994058966119643e-06
project_key_ARIES,2.0703828728019367e-06
project_key_ODE,1.9845167598495937e-06
project_key_AURORA,1.937402931464579e-06
project_key_DOXIASITETOOLS,1.8750714935942217e-06
project_key_MEJB,1.4553605564108238e-06
priority_Urgent,1.4189201514664943e-06
project_key_JCLOUDS,1.3356139989969897e-06
project_key_NETBEANS,1.3180281522374513e-06
project_key_JUDDI,1.269614157126415e-06
project_key_MARMOTTA,1.26480828573009e-06
project_key_GERONIMODEVTOOLS,1.2207670327813175e-06
project_key_SHALE,1.210842795297377e-06
project_key_BOOKKEEPER,1.0505608078870802e-06
project_key_SMXCOMP,9.729878257573381e-07
project_key_SYNAPSE,9.301695907186057e-07
project_key_TC,9.151097675979391e-07
project_key_MINVOKER,8.673964922702857e-07
project_key_LUCY,8.633958586616247e-07
project_key_GOSSIP,8.506366124916403e-07
project_key_PROTON,7.955834226162095e-07
project_key_CLK,7.893150997989064e-07
project_key_TAMAYA,6.811910227409431e-07
project_key_CODEC,6.449374381285276e-07
project_key_WEEX,6.341378437094151e-07
project_key_STDCXX,6.092705686346611e-07
project_key_OWB,5.846425242952356e-07
project_key_NPANDAY,5.755037332008513e-07
project_key_BROOKLYN,5.653712586954174e-07
project_key_WODEN,5.469383799631449e-07
project_key_MJAVADOC,5.414534816614808e-07
project_key_WSS,5.398394702156738e-07
project_key_MRUNIT,5.2121283167074e-07
project_key_EXTVAL,5.087866906292129e-07
project_key_ROCKETMQ,5.025705603281082e-07
project_key_SSHD,4.695868553992364e-07
project_key_CRUNCH,4.4675922169164554e-07
project_key_BLUR,4.353357223005547e-07
project_key_NIFIREG,4.159850969481193e-07
project_key_NET,4.064294263823743e-07
project_key_RATIS,3.571601915709947e-07
project_key_SANDBOX,3.2829788195774337e-07
project_key_QPIDJMS,3.042731694591667e-07
project_key_WOOKIE,2.8388248957594815e-07
project_key_HELIX,2.8332007275259155e-07
project_key_SCB,2.723732826643568e-07
project_key_FLAGON,2.688150935455644e-07
project_key_MTOMCAT,2.547668809339332e-07
project_key_HCATALOG,2.2606316105588523e-07
project_key_AMQNET,2.1840807902037511e-07
project_key_USERGRID,1.9002907544996213e-07
project_key_OLIO,1.848268553519117e-07
project_key_JSPF,1.7770945780187223e-07
project_key_VYSPER,1.282450774879281e-07
project_key_MPMD,1.0992406291319464e-07
project_key_KNOX,1.0705792374453188e-07
project_key_STREAMS,8.658516610617579e-08
project_key_S2GRAPH,7.474569511274566e-08
project_key_APEXCORE,4.083360735867911e-08
project_key_CELIX,3.8385878389904894e-08
project_key_GRIFFIN,3.486146743598881e-08
project_key_ESME,1.970027673950579e-08
issue_type_RTC,1.5760938491671866e-08
project_key_ETCH,1.2893704738313623e-08
project_key_RNG,7.852405774700241e-09
project_key_ATTRIBUTES,1.6195419756104254e-09
project_key_HDT,0.0
project_key_MPDF,0.0
project_key_MPATCH,0.0
project_key_MODELER,0.0
project_key_MLINKCHECK,0.0
project_key_MSCMPUB,0.0
project_key_MRRESOURCES,0.0
project_key_MRQL,0.0
project_key_MRESOLVER,0.0
project_key_MREPOSITORY,0.0
project_key_MPT,0.0
project_key_MPLUGINTESTING,0.0
project_key_MPLUGIN,0.0
project_key_MPIR,0.0
project_key_MPH,0.0
project_key_HORN,0.0
project_key_GRFT,0.0
project_key_GOBBLIN,0.0
project_key_GEOMETRY,0.0
project_key_GEARPUMP,0.0
project_key_MYNEWTDOC,0.0
project_key_MYFACESTEST,0.0
project_key_MXNET,0.0
project_key_MVERIFIER,0.0
project_key_MUSE,0.0
project_key_MTOOLCHAINS,0.0
project_key_MSOURCES,0.0
project_key_MSKINS,0.0
project_key_FEEDPARSER,0.0
project_key_OEP,0.0
project_key_ODFTOOLKIT,0.0
project_key_OCM,0.0
project_key_NUVEM,0.0
project_key_NEMO,0.0
project_key_NEETHI,0.0
project_key_ORCHESTRA,0.0
project_key_ORC,0.0
project_key_OPENWIRE,0.0
project_key_OPENAZ,0.0
project_key_ONAMI,0.0
project_key_OMID,0.0
project_key_OLTU,0.0
project_key_OJB,0.0
project_key_GBUILD,0.0
project_key_FUNCTOR,0.0
project_key_FREEMARKER,0.0
project_key_FORTRESS,0.0
project_key_FINCN,0.0
project_key_PROTOCOLS,0.0
project_key_PRC,0.0
project_key_POSTAGE,0.0
project_key_PORTALS,0.0
project_key_POOL,0.0
project_key_POLYGENE,0.0
project_key_PLC4X,0.0
project_key_PIRK,0.0
project_key_PIO,0.0
project_key_PHOTARK,0.0
project_key_PB,0.0
project_key_PARQUET,0.0
project_key_OWC,0.0
project_key_ORP,0.0
project_key_EXTSCRIPT,0.0
project_key_EXLBR,0.0
project_key_EWS,0.0
project_key_ESCIMO,0.0
project_key_MANT,0.0
project_key_EMAIL,0.0
project_key_EL,0.0
project_key_EDGENT,0.0
project_key_QPIDIT,0.0
project_key_PULSAR,0.0
project_key_PROXY,0.0
project_key_PROVISIONR,0.0
issue_type_Proposal,0.0
project_key_SAND,0.0
issue_type_Project,0.0
project_key_SAMOA,0.0
project_key_S4,0.0
issue_type_Planned Work,0.0
project_key_RYA,0.0
issue_type_New TLP,0.0
issue_type_New JIRA Project,0.0
project_key_RIPPLE,0.0
issue_type_New Git Repo,0.0
project_key_RAMPARTC,0.0
project_key_QUICKSTEP,0.0
issue_type_IT Help,0.0
project_key_FEDIZ,0.0
project_key_FC,0.0
issue_type_Github Integration,0.0
project_key_DROIDS,0.0
issue_type_GitBox Request,0.0
project_key_DOXIATOOLS,0.0
issue_type_Comment,0.0
project_key_ASYNCWEB,0.0
project_key_DORMANT,0.0
project_key_DL,0.0
project_key_DISPATCH,0.0
project_key_SDAP,0.0
project_key_SCOUT,0.0
project_key_ASFSITE,0.0
project_key_SB,0.0
project_key_SAVAN,0.0
project_key_SANDESHA2C,0.0
project_key_SANDESHA2,0.0
project_key_ARIA,0.0
project_key_STATISTICS,0.0
project_key_KITTY,0.0
project_key_KATO,0.0
project_key_KAND,0.0
project_key_SMX4NMR,0.0
project_key_SMX4KNL,0.0
project_key_SITE,0.0
project_key_SIRONA,0.0
project_key_KALUMET,0.0
project_key_JXR,0.0
project_key_ECS,0.0
project_key_EASYANT,0.0
project_key_JXPATH,0.0
project_key_DVSL,0.0
project_key_DUBBO,0.0
project_key_DTACLOUD,0.0
project_key_DIRTSEC,0.0
project_key_JUNEAU,0.0
project_key_DIRSHARED,0.0
project_key_DIRNAMING,0.0
project_key_DIRGROOVY,0.0
project_key_DIRECTMEMORY,0.0
project_key_DIRAPI,0.0
project_key_DIGESTER,0.0
project_key_JSIEVE,0.0
project_key_DDLUTILS,0.0
project_key_JOHNZON,0.0
issue_type_Unknown,0.0
project_key_STONEHENGE,0.0
project_key_STOMP,0.0
project_key_STEVE,0.0
issue_type_Technical Debt,0.0
project_key_JCRCL,0.0
project_key_CXFXJC,0.0
project_key_JCRBENCH,0.0
project_key_CRYPTO,0.0
project_key_JCI,0.0
project_key_CRAIL,0.0
project_key_COTTON,0.0
project_key_TENTACLES,0.0
project_key_JACOB,0.0
project_key_IVYDE,0.0
project_key_TASHI,0.0
project_key_LIVY,0.0
project_key_LCN4C,0.0
project_key_SUPERSET,0.0
project_key_SUBMARINE,0.0
project_key_DISCOVERY,0.0
project_key_TREQ,0.0
project_key_LAUNCHER,0.0
project_key_TRANSPORTS,0.0
project_key_TRANSACTION,0.0
project_key_LABS,0.0
project_key_HTTPASYNC,0.0
project_key_TILESSHOW,0.0
project_key_TILESSHARED,0.0
project_key_TILESSB,0.0
project_key_HTRACE,0.0
project_key_MACR,0.0
project_key_LOKAHI,0.0
project_key_TEXEN,0.0
project_key_DBUTILS,0.0
project_key_DBF,0.0
project_key_DAYTRADER,0.0
project_key_COMPRESS,0.0
project_key_COMMONSSITE,0.0
project_key_COMMONSRDF,0.0
project_key_LOG4PHP,0.0
project_key_JDKIM,0.0
project_key_COCOON3,0.0
project_key_JCRVLT,0.0
project_key_CMDA,0.0
project_key_CLOWNFISH,0.0
project_key_Unknown,0.0
project_key_JCRTCK,0.0
project_key_UNOMI,0.0
project_key_TWILL,0.0
project_key_TST,0.0
project_key_TSIK,0.0
project_key_TRIPLES,0.0
project_key_CHAIN,0.0
project_key_CENTRAL,0.0
project_key_JCRSITE,0.0
project_key_WHISKER,0.0
project_key_JCRSERVLET,0.0
project_key_WHIMSY,0.0
project_key_JCRRMI,0.0
project_key_WEAVER,0.0
project_key_WAVE,0.0
project_key_WADI,0.0
project_key_MEAR,0.0
project_key_VXQUERY,0.0
project_key_VELOCITYSB,0.0
project_key_MDOCCK,0.0
project_key_COR,0.0
project_key_CONCERTED,0.0
project_key_BEANUTILS,0.0
project_key_MDOAP,0.0
project_key_MAVIBOT,0.0
project_key_XAP,0.0
project_key_MASFRES,0.0
project_key_WSRP4J,0.0
project_key_WSCOMMONS,0.0
project_key_MARCHETYPES,0.0
project_key_IOTA,0.0
project_key_WINK,0.0
project_key_CLKE,0.0
project_key_IMPERIUS,0.0
project_key_HUPA,0.0
project_key_TEXT,0.0
project_key_MJMOD,0.0
project_key_CHAINSAW,0.0
project_key_AWF,0.0
project_key_AVALON,0.0
project_key_AUTOTAG,0.0
project_key_MJDEPS,0.0
project_key_MJDEPRSCAN,0.0
project_key_ZETACOMP,0.0
project_key_YETUS,0.0
project_key_XMLSCHEMA,0.0
project_key_CALCITE,0.0
project_key_MJARSIGNER,0.0
project_key_BSF,0.0
project_key_MINIFI,0.0
project_key_MINDEXER,0.0
project_key_MFHTML5,0.0
project_key_BLUESKY,0.0
project_key_BETWIXT,0.0
issue_type_TCK Challenge,0.0
issue_type_Requirement,0.0
project_key_MFCOMMONS,0.0
project_key_METAMODEL,0.0
project_key_ANAKIA,0.0
project_key_MEECROWAVE,0.0
project_key_HIVEMIND,0.0
project_key_AMQCLI,0.0
project_key_AMATERASU,0.0
project_key_ALOIS,0.0
project_key_HISE,0.0
project_key_AGILA,0.0
project_key_ADDR,0.0
project_key_ACL,0.0
project_key_ACE,0.0
project_key_ABDERA,0.0
project_key_APOLLO,0.0
project_key_HERMES,0.0
project_key_APA,0.0
issue_type_Blogs - New Blog User Account Request,0.0
issue_type_Blog - New Blog Request,0.0
issue_type_Access,0.0
project_key_HERALDRY,0.0
priority_P4,0.0
priority_P3,0.0
priority_P2,0.0
priority_P1,0.0
priority_P0,0.0
project_key_BEAM,0.0
project_key_BATCHEE,0.0
project_key_BAHIR,0.0
project_key_AXIOM,0.0
